cc01ebcc07f51a0225d2ee87d7ad51,e2c27b3f8519318ad64eca47725e6de8,DES-Cryptography-master/Colors.h
cc01ebcc07f51a0225d2ee87d7ad51,e2c27b3f8519318ad64eca47725e6de8,DES-Cryptography-master/Colors.h
cc01ebcc07f51a0225d2ee87d7ad51,e2c27b3f8519318ad64eca47725e6de8,DES-Cryptography-master/Colors.h
cc01ebcc07f51a0225d2ee87d7ad51,e2c27b3f8519318ad64eca47725e6de8,DES-Cryptography-master/Colors.h
cc01ebcc07f51a0225d2ee87d7ad51,e2c27b3f8519318ad64eca47725e6de8,DES-Cryptography-master/Colors.h
cc01ebcc07f51a0225d2ee87d7ad51,e2c27b3f8519318ad64eca47725e6de8,DES-Cryptography-master/Colors.h
cc01ebcc07f51a0225d2ee87d7ad51,e2c27b3f8519318ad64eca47725e6de8,DES-Cryptography-master/Colors.h
cc01ebcc07f51a0225d2ee87d7ad51,e2c27b3f8519318ad64eca47725e6de8,DES-Cryptography-master/Colors.h
cc01ebcc07f51a0225d2ee87d7ad51,e2c27b3f8519318ad64eca47725e6de8,DES-Cryptography-master/Colors.h
cc01ebcc07f51a0225d2ee87d7ad51,e2c27b3f8519318ad64eca47725e6de8,DES-Cryptography-master/Colors.h
cc01ebcc07f51a0225d2ee87d7ad51,e2c27b3f8519318ad64eca47725e6de8,DES-Cryptography-master/Colors.h
cc01ebcc07f51a0225d2ee87d7ad51,e2c27b3f8519318ad64eca47725e6de8,DES-Cryptography-master/Colors.h
cc01ebcc07f51a0225d2ee87d7ad51,e2c27b3f8519318ad64eca47725e6de8,DES-Cryptography-master/Colors.h
cc01ebcc07f51a0225d2ee87d7ad51,e2c27b3f8519318ad64eca47725e6de8,DES-Cryptography-master/Colors.h
cc01ebcc07f51a0225d2ee87d7ad51,e2c27b3f8519318ad64eca47725e6de8,DES-Cryptography-master/Colors.h
cc01ebcc07f51a0225d2ee87d7ad51,e2c27b3f8519318ad64eca47725e6de8,DES-Cryptography-master/Colors.h
