3ddf4a4e1e4d229b90e0cbb8baa74c,611e5c3a58a3c2b78385556368c5230e,webhook-1.0/tests/test_diff_parser.py
3ddf4a4e1e4d229b90e0cbb8baa74c,611e5c3a58a3c2b78385556368c5230e,webhook-1.0/tests/test_diff_parser.py
3ddf4a4e1e4d229b90e0cbb8baa74c,611e5c3a58a3c2b78385556368c5230e,webhook-1.0/tests/test_diff_parser.py
3ddf4a4e1e4d229b90e0cbb8baa74c,611e5c3a58a3c2b78385556368c5230e,webhook-1.0/tests/test_diff_parser.py
3ddf4a4e1e4d229b90e0cbb8baa74c,611e5c3a58a3c2b78385556368c5230e,webhook-1.0/tests/test_diff_parser.py
3ddf4a4e1e4d229b90e0cbb8baa74c,611e5c3a58a3c2b78385556368c5230e,webhook-1.0/tests/test_diff_parser.py
3ddf4a4e1e4d229b90e0cbb8baa74c,611e5c3a58a3c2b78385556368c5230e,webhook-1.0/tests/test_diff_parser.py
3ddf4a4e1e4d229b90e0cbb8baa74c,611e5c3a58a3c2b78385556368c5230e,webhook-1.0/tests/test_diff_parser.py
3ddf4a4e1e4d229b90e0cbb8baa74c,611e5c3a58a3c2b78385556368c5230e,webhook-1.0/tests/test_diff_parser.py
3ddf4a4e1e4d229b90e0cbb8baa74c,611e5c3a58a3c2b78385556368c5230e,webhook-1.0/tests/test_diff_parser.py
3ddf4a4e1e4d229b90e0cbb8baa74c,611e5c3a58a3c2b78385556368c5230e,webhook-1.0/tests/test_diff_parser.py
3ddf4a4e1e4d229b90e0cbb8baa74c,611e5c3a58a3c2b78385556368c5230e,webhook-1.0/tests/test_diff_parser.py
3ddf4a4e1e4d229b90e0cbb8baa74c,611e5c3a58a3c2b78385556368c5230e,webhook-1.0/tests/test_diff_parser.py
3ddf4a4e1e4d229b90e0cbb8baa74c,611e5c3a58a3c2b78385556368c5230e,webhook-1.0/tests/test_diff_parser.py
3ddf4a4e1e4d229b90e0cbb8baa74c,611e5c3a58a3c2b78385556368c5230e,webhook-1.0/tests/test_diff_parser.py
3ddf4a4e1e4d229b90e0cbb8baa74c,611e5c3a58a3c2b78385556368c5230e,webhook-1.0/tests/test_diff_parser.py
3ddf4a4e1e4d229b90e0cbb8baa74c,611e5c3a58a3c2b78385556368c5230e,webhook-1.0/tests/test_diff_parser.py
3ddf4a4e1e4d229b90e0cbb8baa74c,611e5c3a58a3c2b78385556368c5230e,webhook-1.0/tests/test_diff_parser.py
3ddf4a4e1e4d229b90e0cbb8baa74c,611e5c3a58a3c2b78385556368c5230e,webhook-1.0/tests/test_diff_parser.py
3ddf4a4e1e4d229b90e0cbb8baa74c,611e5c3a58a3c2b78385556368c5230e,webhook-1.0/tests/test_diff_parser.py
3ddf4a4e1e4d229b90e0cbb8baa74c,611e5c3a58a3c2b78385556368c5230e,webhook-1.0/tests/test_diff_parser.py
3ddf4a4e1e4d229b90e0cbb8baa74c,611e5c3a58a3c2b78385556368c5230e,webhook-1.0/tests/test_diff_parser.py
3ddf4a4e1e4d229b90e0cbb8baa74c,611e5c3a58a3c2b78385556368c5230e,webhook-1.0/tests/test_diff_parser.py
3ddf4a4e1e4d229b90e0cbb8baa74c,611e5c3a58a3c2b78385556368c5230e,webhook-1.0/tests/test_diff_parser.py
3ddf4a4e1e4d229b90e0cbb8baa74c,611e5c3a58a3c2b78385556368c5230e,webhook-1.0/tests/test_diff_parser.py
3ddf4a4e1e4d229b90e0cbb8baa74c,611e5c3a58a3c2b78385556368c5230e,webhook-1.0/tests/test_diff_parser.py
3ddf4a4e1e4d229b90e0cbb8baa74c,611e5c3a58a3c2b78385556368c5230e,webhook-1.0/tests/test_diff_parser.py
3ddf4a4e1e4d229b90e0cbb8baa74c,611e5c3a58a3c2b78385556368c5230e,webhook-1.0/tests/test_diff_parser.py
3ddf4a4e1e4d229b90e0cbb8baa74c,611e5c3a58a3c2b78385556368c5230e,webhook-1.0/tests/test_diff_parser.py
3ddf4a4e1e4d229b90e0cbb8baa74c,611e5c3a58a3c2b78385556368c5230e,webhook-1.0/tests/test_diff_parser.py
3ddf4a4e1e4d229b90e0cbb8baa74c,611e5c3a58a3c2b78385556368c5230e,webhook-1.0/tests/test_diff_parser.py
3ddf4a4e1e4d229b90e0cbb8baa74c,611e5c3a58a3c2b78385556368c5230e,webhook-1.0/tests/test_diff_parser.py
3ddf4a4e1e4d229b90e0cbb8baa74c,611e5c3a58a3c2b78385556368c5230e,webhook-1.0/tests/test_diff_parser.py
3ddf4a4e1e4d229b90e0cbb8baa74c,611e5c3a58a3c2b78385556368c5230e,webhook-1.0/tests/test_diff_parser.py
3ddf4a4e1e4d229b90e0cbb8baa74c,611e5c3a58a3c2b78385556368c5230e,webhook-1.0/tests/test_diff_parser.py
3ddf4a4e1e4d229b90e0cbb8baa74c,611e5c3a58a3c2b78385556368c5230e,webhook-1.0/tests/test_diff_parser.py
3ddf4a4e1e4d229b90e0cbb8baa74c,611e5c3a58a3c2b78385556368c5230e,webhook-1.0/tests/test_diff_parser.py
3ddf4a4e1e4d229b90e0cbb8baa74c,611e5c3a58a3c2b78385556368c5230e,webhook-1.0/tests/test_diff_parser.py
3ddf4a4e1e4d229b90e0cbb8baa74c,611e5c3a58a3c2b78385556368c5230e,webhook-1.0/tests/test_diff_parser.py
3ddf4a4e1e4d229b90e0cbb8baa74c,611e5c3a58a3c2b78385556368c5230e,webhook-1.0/tests/test_diff_parser.py
3ddf4a4e1e4d229b90e0cbb8baa74c,611e5c3a58a3c2b78385556368c5230e,webhook-1.0/tests/test_diff_parser.py
3ddf4a4e1e4d229b90e0cbb8baa74c,611e5c3a58a3c2b78385556368c5230e,webhook-1.0/tests/test_diff_parser.py
3ddf4a4e1e4d229b90e0cbb8baa74c,611e5c3a58a3c2b78385556368c5230e,webhook-1.0/tests/test_diff_parser.py
3ddf4a4e1e4d229b90e0cbb8baa74c,611e5c3a58a3c2b78385556368c5230e,webhook-1.0/tests/test_diff_parser.py
3ddf4a4e1e4d229b90e0cbb8baa74c,611e5c3a58a3c2b78385556368c5230e,webhook-1.0/tests/test_diff_parser.py
3ddf4a4e1e4d229b90e0cbb8baa74c,611e5c3a58a3c2b78385556368c5230e,webhook-1.0/tests/test_diff_parser.py
3ddf4a4e1e4d229b90e0cbb8baa74c,611e5c3a58a3c2b78385556368c5230e,webhook-1.0/tests/test_diff_parser.py
3ddf4a4e1e4d229b90e0cbb8baa74c,611e5c3a58a3c2b78385556368c5230e,webhook-1.0/tests/test_diff_parser.py
3ddf4a4e1e4d229b90e0cbb8baa74c,611e5c3a58a3c2b78385556368c5230e,webhook-1.0/tests/test_diff_parser.py
3ddf4a4e1e4d229b90e0cbb8baa74c,611e5c3a58a3c2b78385556368c5230e,webhook-1.0/tests/test_diff_parser.py
3ddf4a4e1e4d229b90e0cbb8baa74c,611e5c3a58a3c2b78385556368c5230e,webhook-1.0/tests/test_diff_parser.py
3ddf4a4e1e4d229b90e0cbb8baa74c,611e5c3a58a3c2b78385556368c5230e,webhook-1.0/tests/test_diff_parser.py
3ddf4a4e1e4d229b90e0cbb8baa74c,611e5c3a58a3c2b78385556368c5230e,webhook-1.0/tests/test_diff_parser.py
3ddf4a4e1e4d229b90e0cbb8baa74c,611e5c3a58a3c2b78385556368c5230e,webhook-1.0/tests/test_diff_parser.py
3ddf4a4e1e4d229b90e0cbb8baa74c,611e5c3a58a3c2b78385556368c5230e,webhook-1.0/tests/test_diff_parser.py
3ddf4a4e1e4d229b90e0cbb8baa74c,611e5c3a58a3c2b78385556368c5230e,webhook-1.0/tests/test_diff_parser.py
3ddf4a4e1e4d229b90e0cbb8baa74c,611e5c3a58a3c2b78385556368c5230e,webhook-1.0/tests/test_diff_parser.py
3ddf4a4e1e4d229b90e0cbb8baa74c,611e5c3a58a3c2b78385556368c5230e,webhook-1.0/tests/test_diff_parser.py
3ddf4a4e1e4d229b90e0cbb8baa74c,611e5c3a58a3c2b78385556368c5230e,webhook-1.0/tests/test_diff_parser.py
3ddf4a4e1e4d229b90e0cbb8baa74c,611e5c3a58a3c2b78385556368c5230e,webhook-1.0/tests/test_diff_parser.py
3ddf4a4e1e4d229b90e0cbb8baa74c,611e5c3a58a3c2b78385556368c5230e,webhook-1.0/tests/test_diff_parser.py
3ddf4a4e1e4d229b90e0cbb8baa74c,611e5c3a58a3c2b78385556368c5230e,webhook-1.0/tests/test_diff_parser.py
3ddf4a4e1e4d229b90e0cbb8baa74c,611e5c3a58a3c2b78385556368c5230e,webhook-1.0/tests/test_diff_parser.py
3ddf4a4e1e4d229b90e0cbb8baa74c,611e5c3a58a3c2b78385556368c5230e,webhook-1.0/tests/test_diff_parser.py
3ddf4a4e1e4d229b90e0cbb8baa74c,611e5c3a58a3c2b78385556368c5230e,webhook-1.0/tests/test_diff_parser.py
3ddf4a4e1e4d229b90e0cbb8baa74c,611e5c3a58a3c2b78385556368c5230e,webhook-1.0/tests/test_diff_parser.py
3ddf4a4e1e4d229b90e0cbb8baa74c,611e5c3a58a3c2b78385556368c5230e,webhook-1.0/tests/test_diff_parser.py
3ddf4a4e1e4d229b90e0cbb8baa74c,611e5c3a58a3c2b78385556368c5230e,webhook-1.0/tests/test_diff_parser.py
