57760856ddd8d076af37ee100afd5f,e2c27b3f8519318ad64eca47725e6de8,DES-Cryptography-master/DES.h
57760856ddd8d076af37ee100afd5f,e2c27b3f8519318ad64eca47725e6de8,DES-Cryptography-master/DES.h
57760856ddd8d076af37ee100afd5f,e2c27b3f8519318ad64eca47725e6de8,DES-Cryptography-master/DES.h
57760856ddd8d076af37ee100afd5f,e2c27b3f8519318ad64eca47725e6de8,DES-Cryptography-master/DES.h
57760856ddd8d076af37ee100afd5f,e2c27b3f8519318ad64eca47725e6de8,DES-Cryptography-master/DES.h
57760856ddd8d076af37ee100afd5f,e2c27b3f8519318ad64eca47725e6de8,DES-Cryptography-master/DES.h
57760856ddd8d076af37ee100afd5f,e2c27b3f8519318ad64eca47725e6de8,DES-Cryptography-master/DES.h
57760856ddd8d076af37ee100afd5f,e2c27b3f8519318ad64eca47725e6de8,DES-Cryptography-master/DES.h
57760856ddd8d076af37ee100afd5f,e2c27b3f8519318ad64eca47725e6de8,DES-Cryptography-master/DES.h
57760856ddd8d076af37ee100afd5f,e2c27b3f8519318ad64eca47725e6de8,DES-Cryptography-master/DES.h
57760856ddd8d076af37ee100afd5f,e2c27b3f8519318ad64eca47725e6de8,DES-Cryptography-master/DES.h
57760856ddd8d076af37ee100afd5f,e2c27b3f8519318ad64eca47725e6de8,DES-Cryptography-master/DES.h
57760856ddd8d076af37ee100afd5f,e2c27b3f8519318ad64eca47725e6de8,DES-Cryptography-master/DES.h
57760856ddd8d076af37ee100afd5f,e2c27b3f8519318ad64eca47725e6de8,DES-Cryptography-master/DES.h
57760856ddd8d076af37ee100afd5f,e2c27b3f8519318ad64eca47725e6de8,DES-Cryptography-master/DES.h
57760856ddd8d076af37ee100afd5f,e2c27b3f8519318ad64eca47725e6de8,DES-Cryptography-master/DES.h
