7941263c8d9a4dfcd5c306ce86c0a5,611e5c3a58a3c2b78385556368c5230e,webhook-1.0/scanoss/diff_parser.py
7941263c8d9a4dfcd5c306ce86c0a5,611e5c3a58a3c2b78385556368c5230e,webhook-1.0/scanoss/diff_parser.py
7941263c8d9a4dfcd5c306ce86c0a5,611e5c3a58a3c2b78385556368c5230e,webhook-1.0/scanoss/diff_parser.py
7941263c8d9a4dfcd5c306ce86c0a5,611e5c3a58a3c2b78385556368c5230e,webhook-1.0/scanoss/diff_parser.py
7941263c8d9a4dfcd5c306ce86c0a5,611e5c3a58a3c2b78385556368c5230e,webhook-1.0/scanoss/diff_parser.py
7941263c8d9a4dfcd5c306ce86c0a5,611e5c3a58a3c2b78385556368c5230e,webhook-1.0/scanoss/diff_parser.py
7941263c8d9a4dfcd5c306ce86c0a5,611e5c3a58a3c2b78385556368c5230e,webhook-1.0/scanoss/diff_parser.py
7941263c8d9a4dfcd5c306ce86c0a5,611e5c3a58a3c2b78385556368c5230e,webhook-1.0/scanoss/diff_parser.py
7941263c8d9a4dfcd5c306ce86c0a5,611e5c3a58a3c2b78385556368c5230e,webhook-1.0/scanoss/diff_parser.py
7941263c8d9a4dfcd5c306ce86c0a5,611e5c3a58a3c2b78385556368c5230e,webhook-1.0/scanoss/diff_parser.py
7941263c8d9a4dfcd5c306ce86c0a5,611e5c3a58a3c2b78385556368c5230e,webhook-1.0/scanoss/diff_parser.py
7941263c8d9a4dfcd5c306ce86c0a5,611e5c3a58a3c2b78385556368c5230e,webhook-1.0/scanoss/diff_parser.py
7941263c8d9a4dfcd5c306ce86c0a5,611e5c3a58a3c2b78385556368c5230e,webhook-1.0/scanoss/diff_parser.py
7941263c8d9a4dfcd5c306ce86c0a5,611e5c3a58a3c2b78385556368c5230e,webhook-1.0/scanoss/diff_parser.py
7941263c8d9a4dfcd5c306ce86c0a5,611e5c3a58a3c2b78385556368c5230e,webhook-1.0/scanoss/diff_parser.py
7941263c8d9a4dfcd5c306ce86c0a5,611e5c3a58a3c2b78385556368c5230e,webhook-1.0/scanoss/diff_parser.py
7941263c8d9a4dfcd5c306ce86c0a5,611e5c3a58a3c2b78385556368c5230e,webhook-1.0/scanoss/diff_parser.py
7941263c8d9a4dfcd5c306ce86c0a5,611e5c3a58a3c2b78385556368c5230e,webhook-1.0/scanoss/diff_parser.py
7941263c8d9a4dfcd5c306ce86c0a5,611e5c3a58a3c2b78385556368c5230e,webhook-1.0/scanoss/diff_parser.py
7941263c8d9a4dfcd5c306ce86c0a5,611e5c3a58a3c2b78385556368c5230e,webhook-1.0/scanoss/diff_parser.py
7941263c8d9a4dfcd5c306ce86c0a5,611e5c3a58a3c2b78385556368c5230e,webhook-1.0/scanoss/diff_parser.py
7941263c8d9a4dfcd5c306ce86c0a5,611e5c3a58a3c2b78385556368c5230e,webhook-1.0/scanoss/diff_parser.py
7941263c8d9a4dfcd5c306ce86c0a5,611e5c3a58a3c2b78385556368c5230e,webhook-1.0/scanoss/diff_parser.py
7941263c8d9a4dfcd5c306ce86c0a5,611e5c3a58a3c2b78385556368c5230e,webhook-1.0/scanoss/diff_parser.py
7941263c8d9a4dfcd5c306ce86c0a5,611e5c3a58a3c2b78385556368c5230e,webhook-1.0/scanoss/diff_parser.py
7941263c8d9a4dfcd5c306ce86c0a5,611e5c3a58a3c2b78385556368c5230e,webhook-1.0/scanoss/diff_parser.py
7941263c8d9a4dfcd5c306ce86c0a5,611e5c3a58a3c2b78385556368c5230e,webhook-1.0/scanoss/diff_parser.py
7941263c8d9a4dfcd5c306ce86c0a5,611e5c3a58a3c2b78385556368c5230e,webhook-1.0/scanoss/diff_parser.py
7941263c8d9a4dfcd5c306ce86c0a5,611e5c3a58a3c2b78385556368c5230e,webhook-1.0/scanoss/diff_parser.py
7941263c8d9a4dfcd5c306ce86c0a5,611e5c3a58a3c2b78385556368c5230e,webhook-1.0/scanoss/diff_parser.py
7941263c8d9a4dfcd5c306ce86c0a5,611e5c3a58a3c2b78385556368c5230e,webhook-1.0/scanoss/diff_parser.py
7941263c8d9a4dfcd5c306ce86c0a5,611e5c3a58a3c2b78385556368c5230e,webhook-1.0/scanoss/diff_parser.py
7941263c8d9a4dfcd5c306ce86c0a5,611e5c3a58a3c2b78385556368c5230e,webhook-1.0/scanoss/diff_parser.py
7941263c8d9a4dfcd5c306ce86c0a5,611e5c3a58a3c2b78385556368c5230e,webhook-1.0/scanoss/diff_parser.py
7941263c8d9a4dfcd5c306ce86c0a5,611e5c3a58a3c2b78385556368c5230e,webhook-1.0/scanoss/diff_parser.py
7941263c8d9a4dfcd5c306ce86c0a5,611e5c3a58a3c2b78385556368c5230e,webhook-1.0/scanoss/diff_parser.py
7941263c8d9a4dfcd5c306ce86c0a5,611e5c3a58a3c2b78385556368c5230e,webhook-1.0/scanoss/diff_parser.py
7941263c8d9a4dfcd5c306ce86c0a5,611e5c3a58a3c2b78385556368c5230e,webhook-1.0/scanoss/diff_parser.py
7941263c8d9a4dfcd5c306ce86c0a5,611e5c3a58a3c2b78385556368c5230e,webhook-1.0/scanoss/diff_parser.py
7941263c8d9a4dfcd5c306ce86c0a5,611e5c3a58a3c2b78385556368c5230e,webhook-1.0/scanoss/diff_parser.py
7941263c8d9a4dfcd5c306ce86c0a5,611e5c3a58a3c2b78385556368c5230e,webhook-1.0/scanoss/diff_parser.py
7941263c8d9a4dfcd5c306ce86c0a5,611e5c3a58a3c2b78385556368c5230e,webhook-1.0/scanoss/diff_parser.py
7941263c8d9a4dfcd5c306ce86c0a5,611e5c3a58a3c2b78385556368c5230e,webhook-1.0/scanoss/diff_parser.py
7941263c8d9a4dfcd5c306ce86c0a5,611e5c3a58a3c2b78385556368c5230e,webhook-1.0/scanoss/diff_parser.py
7941263c8d9a4dfcd5c306ce86c0a5,611e5c3a58a3c2b78385556368c5230e,webhook-1.0/scanoss/diff_parser.py
7941263c8d9a4dfcd5c306ce86c0a5,611e5c3a58a3c2b78385556368c5230e,webhook-1.0/scanoss/diff_parser.py
7941263c8d9a4dfcd5c306ce86c0a5,611e5c3a58a3c2b78385556368c5230e,webhook-1.0/scanoss/diff_parser.py
7941263c8d9a4dfcd5c306ce86c0a5,611e5c3a58a3c2b78385556368c5230e,webhook-1.0/scanoss/diff_parser.py
7941263c8d9a4dfcd5c306ce86c0a5,611e5c3a58a3c2b78385556368c5230e,webhook-1.0/scanoss/diff_parser.py
7941263c8d9a4dfcd5c306ce86c0a5,611e5c3a58a3c2b78385556368c5230e,webhook-1.0/scanoss/diff_parser.py
7941263c8d9a4dfcd5c306ce86c0a5,611e5c3a58a3c2b78385556368c5230e,webhook-1.0/scanoss/diff_parser.py
7941263c8d9a4dfcd5c306ce86c0a5,611e5c3a58a3c2b78385556368c5230e,webhook-1.0/scanoss/diff_parser.py
7941263c8d9a4dfcd5c306ce86c0a5,611e5c3a58a3c2b78385556368c5230e,webhook-1.0/scanoss/diff_parser.py
7941263c8d9a4dfcd5c306ce86c0a5,611e5c3a58a3c2b78385556368c5230e,webhook-1.0/scanoss/diff_parser.py
7941263c8d9a4dfcd5c306ce86c0a5,611e5c3a58a3c2b78385556368c5230e,webhook-1.0/scanoss/diff_parser.py
7941263c8d9a4dfcd5c306ce86c0a5,611e5c3a58a3c2b78385556368c5230e,webhook-1.0/scanoss/diff_parser.py
7941263c8d9a4dfcd5c306ce86c0a5,611e5c3a58a3c2b78385556368c5230e,webhook-1.0/scanoss/diff_parser.py
7941263c8d9a4dfcd5c306ce86c0a5,611e5c3a58a3c2b78385556368c5230e,webhook-1.0/scanoss/diff_parser.py
7941263c8d9a4dfcd5c306ce86c0a5,611e5c3a58a3c2b78385556368c5230e,webhook-1.0/scanoss/diff_parser.py
7941263c8d9a4dfcd5c306ce86c0a5,611e5c3a58a3c2b78385556368c5230e,webhook-1.0/scanoss/diff_parser.py
7941263c8d9a4dfcd5c306ce86c0a5,611e5c3a58a3c2b78385556368c5230e,webhook-1.0/scanoss/diff_parser.py
7941263c8d9a4dfcd5c306ce86c0a5,611e5c3a58a3c2b78385556368c5230e,webhook-1.0/scanoss/diff_parser.py
7941263c8d9a4dfcd5c306ce86c0a5,611e5c3a58a3c2b78385556368c5230e,webhook-1.0/scanoss/diff_parser.py
7941263c8d9a4dfcd5c306ce86c0a5,611e5c3a58a3c2b78385556368c5230e,webhook-1.0/scanoss/diff_parser.py
7941263c8d9a4dfcd5c306ce86c0a5,611e5c3a58a3c2b78385556368c5230e,webhook-1.0/scanoss/diff_parser.py
7941263c8d9a4dfcd5c306ce86c0a5,611e5c3a58a3c2b78385556368c5230e,webhook-1.0/scanoss/diff_parser.py
7941263c8d9a4dfcd5c306ce86c0a5,611e5c3a58a3c2b78385556368c5230e,webhook-1.0/scanoss/diff_parser.py
7941263c8d9a4dfcd5c306ce86c0a5,611e5c3a58a3c2b78385556368c5230e,webhook-1.0/scanoss/diff_parser.py
7941263c8d9a4dfcd5c306ce86c0a5,611e5c3a58a3c2b78385556368c5230e,webhook-1.0/scanoss/diff_parser.py
