3b92437af8a746ee7ed7eecd6e8267,e2c27b3f8519318ad64eca47725e6de8,DES-Cryptography-master/Main.cpp
3b92437af8a746ee7ed7eecd6e8267,e2c27b3f8519318ad64eca47725e6de8,DES-Cryptography-master/Main.cpp
3b92437af8a746ee7ed7eecd6e8267,e2c27b3f8519318ad64eca47725e6de8,DES-Cryptography-master/Main.cpp
3b92437af8a746ee7ed7eecd6e8267,e2c27b3f8519318ad64eca47725e6de8,DES-Cryptography-master/Main.cpp
3b92437af8a746ee7ed7eecd6e8267,e2c27b3f8519318ad64eca47725e6de8,DES-Cryptography-master/Main.cpp
3b92437af8a746ee7ed7eecd6e8267,e2c27b3f8519318ad64eca47725e6de8,DES-Cryptography-master/Main.cpp
3b92437af8a746ee7ed7eecd6e8267,e2c27b3f8519318ad64eca47725e6de8,DES-Cryptography-master/Main.cpp
3b92437af8a746ee7ed7eecd6e8267,e2c27b3f8519318ad64eca47725e6de8,DES-Cryptography-master/Main.cpp
3b92437af8a746ee7ed7eecd6e8267,e2c27b3f8519318ad64eca47725e6de8,DES-Cryptography-master/Main.cpp
3b92437af8a746ee7ed7eecd6e8267,e2c27b3f8519318ad64eca47725e6de8,DES-Cryptography-master/Main.cpp
3b92437af8a746ee7ed7eecd6e8267,e2c27b3f8519318ad64eca47725e6de8,DES-Cryptography-master/Main.cpp
3b92437af8a746ee7ed7eecd6e8267,e2c27b3f8519318ad64eca47725e6de8,DES-Cryptography-master/Main.cpp
3b92437af8a746ee7ed7eecd6e8267,e2c27b3f8519318ad64eca47725e6de8,DES-Cryptography-master/Main.cpp
3b92437af8a746ee7ed7eecd6e8267,e2c27b3f8519318ad64eca47725e6de8,DES-Cryptography-master/Main.cpp
3b92437af8a746ee7ed7eecd6e8267,e2c27b3f8519318ad64eca47725e6de8,DES-Cryptography-master/Main.cpp
3b92437af8a746ee7ed7eecd6e8267,e2c27b3f8519318ad64eca47725e6de8,DES-Cryptography-master/Main.cpp
