5418ae75f356d9304e3ec599aebf13,e2c27b3f8519318ad64eca47725e6de8,DES-Cryptography-master/des
5418ae75f356d9304e3ec599aebf13,e2c27b3f8519318ad64eca47725e6de8,DES-Cryptography-master/des
5418ae75f356d9304e3ec599aebf13,e2c27b3f8519318ad64eca47725e6de8,DES-Cryptography-master/des
5418ae75f356d9304e3ec599aebf13,e2c27b3f8519318ad64eca47725e6de8,DES-Cryptography-master/des
5418ae75f356d9304e3ec599aebf13,e2c27b3f8519318ad64eca47725e6de8,DES-Cryptography-master/des
5418ae75f356d9304e3ec599aebf13,e2c27b3f8519318ad64eca47725e6de8,DES-Cryptography-master/des
5418ae75f356d9304e3ec599aebf13,e2c27b3f8519318ad64eca47725e6de8,DES-Cryptography-master/des
5418ae75f356d9304e3ec599aebf13,e2c27b3f8519318ad64eca47725e6de8,DES-Cryptography-master/des
5418ae75f356d9304e3ec599aebf13,e2c27b3f8519318ad64eca47725e6de8,DES-Cryptography-master/des
5418ae75f356d9304e3ec599aebf13,e2c27b3f8519318ad64eca47725e6de8,DES-Cryptography-master/des
5418ae75f356d9304e3ec599aebf13,e2c27b3f8519318ad64eca47725e6de8,DES-Cryptography-master/des
5418ae75f356d9304e3ec599aebf13,e2c27b3f8519318ad64eca47725e6de8,DES-Cryptography-master/des
5418ae75f356d9304e3ec599aebf13,e2c27b3f8519318ad64eca47725e6de8,DES-Cryptography-master/des
5418ae75f356d9304e3ec599aebf13,e2c27b3f8519318ad64eca47725e6de8,DES-Cryptography-master/des
5418ae75f356d9304e3ec599aebf13,e2c27b3f8519318ad64eca47725e6de8,DES-Cryptography-master/des
5418ae75f356d9304e3ec599aebf13,e2c27b3f8519318ad64eca47725e6de8,DES-Cryptography-master/des
