2f3ddf4a4e1e4d229b90e0cbb8baa74c,1,BSD-3-Clause
d352eead02f816a8139c2884d6c32b5e,1,BSD-3-Clause
c614fe94a4b91deaa927cc11e6e5c71c,1,BSD-3-Clause
c5f79fac1f1de0f5da69d495b6a2be81,1,BSD-3-Clause
8c2fa3f24a09137f9bb3860fa21c677e,1,BSD-3-Clause
937941263c8d9a4dfcd5c306ce86c0a5,1,BSD-3-Clause
4ef26913f8acae0724b140aea05cc30c,1,BSD-3-Clause
2e375b131324c86c5e7c16402679861b,1,BSD-3-Clause
2f3ddf4a4e1e4d229b90e0cbb8baa74c,1,BSD-3-Clause
d352eead02f816a8139c2884d6c32b5e,1,BSD-3-Clause
c614fe94a4b91deaa927cc11e6e5c71c,1,BSD-3-Clause
c5f79fac1f1de0f5da69d495b6a2be81,1,BSD-3-Clause
8c2fa3f24a09137f9bb3860fa21c677e,1,BSD-3-Clause
937941263c8d9a4dfcd5c306ce86c0a5,1,BSD-3-Clause
4ef26913f8acae0724b140aea05cc30c,1,BSD-3-Clause
2e375b131324c86c5e7c16402679861b,1,BSD-3-Clause
2f3ddf4a4e1e4d229b90e0cbb8baa74c,1,BSD-3-Clause
d352eead02f816a8139c2884d6c32b5e,1,BSD-3-Clause
c614fe94a4b91deaa927cc11e6e5c71c,1,BSD-3-Clause
c5f79fac1f1de0f5da69d495b6a2be81,1,BSD-3-Clause
8c2fa3f24a09137f9bb3860fa21c677e,1,BSD-3-Clause
937941263c8d9a4dfcd5c306ce86c0a5,1,BSD-3-Clause
4ef26913f8acae0724b140aea05cc30c,1,BSD-3-Clause
2e375b131324c86c5e7c16402679861b,1,BSD-3-Clause
2f3ddf4a4e1e4d229b90e0cbb8baa74c,1,BSD-3-Clause
2f3ddf4a4e1e4d229b90e0cbb8baa74c,1,BSD-3-Clause
2f3ddf4a4e1e4d229b90e0cbb8baa74c,1,BSD-3-Clause
2f3ddf4a4e1e4d229b90e0cbb8baa74c,1,BSD-3-Clause
2f3ddf4a4e1e4d229b90e0cbb8baa74c,1,BSD-3-Clause
d352eead02f816a8139c2884d6c32b5e,1,BSD-3-Clause
c614fe94a4b91deaa927cc11e6e5c71c,1,BSD-3-Clause
c5f79fac1f1de0f5da69d495b6a2be81,1,BSD-3-Clause
8c2fa3f24a09137f9bb3860fa21c677e,1,BSD-3-Clause
937941263c8d9a4dfcd5c306ce86c0a5,1,BSD-3-Clause
4ef26913f8acae0724b140aea05cc30c,1,BSD-3-Clause
2e375b131324c86c5e7c16402679861b,1,BSD-3-Clause
2f3ddf4a4e1e4d229b90e0cbb8baa74c,1,BSD-3-Clause
d352eead02f816a8139c2884d6c32b5e,1,BSD-3-Clause
c614fe94a4b91deaa927cc11e6e5c71c,1,BSD-3-Clause
c5f79fac1f1de0f5da69d495b6a2be81,1,BSD-3-Clause
8c2fa3f24a09137f9bb3860fa21c677e,1,BSD-3-Clause
937941263c8d9a4dfcd5c306ce86c0a5,1,BSD-3-Clause
4ef26913f8acae0724b140aea05cc30c,1,BSD-3-Clause
2e375b131324c86c5e7c16402679861b,1,BSD-3-Clause
2f3ddf4a4e1e4d229b90e0cbb8baa74c,1,BSD-3-Clause
d352eead02f816a8139c2884d6c32b5e,1,BSD-3-Clause
c614fe94a4b91deaa927cc11e6e5c71c,1,BSD-3-Clause
c5f79fac1f1de0f5da69d495b6a2be81,1,BSD-3-Clause
8c2fa3f24a09137f9bb3860fa21c677e,1,BSD-3-Clause
937941263c8d9a4dfcd5c306ce86c0a5,1,BSD-3-Clause
4ef26913f8acae0724b140aea05cc30c,1,BSD-3-Clause
2e375b131324c86c5e7c16402679861b,1,BSD-3-Clause
2f3ddf4a4e1e4d229b90e0cbb8baa74c,1,BSD-3-Clause
d352eead02f816a8139c2884d6c32b5e,1,BSD-3-Clause
c614fe94a4b91deaa927cc11e6e5c71c,1,BSD-3-Clause
c5f79fac1f1de0f5da69d495b6a2be81,1,BSD-3-Clause
8c2fa3f24a09137f9bb3860fa21c677e,1,BSD-3-Clause
937941263c8d9a4dfcd5c306ce86c0a5,1,BSD-3-Clause
4ef26913f8acae0724b140aea05cc30c,1,BSD-3-Clause
2e375b131324c86c5e7c16402679861b,1,BSD-3-Clause
2f3ddf4a4e1e4d229b90e0cbb8baa74c,1,BSD-3-Clause
d352eead02f816a8139c2884d6c32b5e,1,BSD-3-Clause
c614fe94a4b91deaa927cc11e6e5c71c,1,BSD-3-Clause
c5f79fac1f1de0f5da69d495b6a2be81,1,BSD-3-Clause
8c2fa3f24a09137f9bb3860fa21c677e,1,BSD-3-Clause
937941263c8d9a4dfcd5c306ce86c0a5,1,BSD-3-Clause
4ef26913f8acae0724b140aea05cc30c,1,BSD-3-Clause
2e375b131324c86c5e7c16402679861b,1,BSD-3-Clause
2f3ddf4a4e1e4d229b90e0cbb8baa74c,1,BSD-3-Clause
d352eead02f816a8139c2884d6c32b5e,1,BSD-3-Clause
c614fe94a4b91deaa927cc11e6e5c71c,1,BSD-3-Clause
c5f79fac1f1de0f5da69d495b6a2be81,1,BSD-3-Clause
8c2fa3f24a09137f9bb3860fa21c677e,1,BSD-3-Clause
937941263c8d9a4dfcd5c306ce86c0a5,1,BSD-3-Clause
4ef26913f8acae0724b140aea05cc30c,1,BSD-3-Clause
2e375b131324c86c5e7c16402679861b,1,BSD-3-Clause
2f3ddf4a4e1e4d229b90e0cbb8baa74c,1,BSD-3-Clause
d352eead02f816a8139c2884d6c32b5e,1,BSD-3-Clause
c614fe94a4b91deaa927cc11e6e5c71c,1,BSD-3-Clause
c5f79fac1f1de0f5da69d495b6a2be81,1,BSD-3-Clause
8c2fa3f24a09137f9bb3860fa21c677e,1,BSD-3-Clause
937941263c8d9a4dfcd5c306ce86c0a5,1,BSD-3-Clause
4ef26913f8acae0724b140aea05cc30c,1,BSD-3-Clause
2e375b131324c86c5e7c16402679861b,1,BSD-3-Clause
2f3ddf4a4e1e4d229b90e0cbb8baa74c,1,BSD-3-Clause
d352eead02f816a8139c2884d6c32b5e,1,BSD-3-Clause
c614fe94a4b91deaa927cc11e6e5c71c,1,BSD-3-Clause
c5f79fac1f1de0f5da69d495b6a2be81,1,BSD-3-Clause
8c2fa3f24a09137f9bb3860fa21c677e,1,BSD-3-Clause
937941263c8d9a4dfcd5c306ce86c0a5,1,BSD-3-Clause
4ef26913f8acae0724b140aea05cc30c,1,BSD-3-Clause
2e375b131324c86c5e7c16402679861b,1,BSD-3-Clause
2f3ddf4a4e1e4d229b90e0cbb8baa74c,1,BSD-3-Clause
d352eead02f816a8139c2884d6c32b5e,1,BSD-3-Clause
c614fe94a4b91deaa927cc11e6e5c71c,1,BSD-3-Clause
c5f79fac1f1de0f5da69d495b6a2be81,1,BSD-3-Clause
8c2fa3f24a09137f9bb3860fa21c677e,1,BSD-3-Clause
937941263c8d9a4dfcd5c306ce86c0a5,1,BSD-3-Clause
4ef26913f8acae0724b140aea05cc30c,1,BSD-3-Clause
2e375b131324c86c5e7c16402679861b,1,BSD-3-Clause
2f3ddf4a4e1e4d229b90e0cbb8baa74c,1,BSD-3-Clause
d352eead02f816a8139c2884d6c32b5e,1,BSD-3-Clause
c614fe94a4b91deaa927cc11e6e5c71c,1,BSD-3-Clause
c5f79fac1f1de0f5da69d495b6a2be81,1,BSD-3-Clause
8c2fa3f24a09137f9bb3860fa21c677e,1,BSD-3-Clause
937941263c8d9a4dfcd5c306ce86c0a5,1,BSD-3-Clause
4ef26913f8acae0724b140aea05cc30c,1,BSD-3-Clause
2e375b131324c86c5e7c16402679861b,1,BSD-3-Clause
2f3ddf4a4e1e4d229b90e0cbb8baa74c,1,BSD-3-Clause
d352eead02f816a8139c2884d6c32b5e,1,BSD-3-Clause
c614fe94a4b91deaa927cc11e6e5c71c,1,BSD-3-Clause
c5f79fac1f1de0f5da69d495b6a2be81,1,BSD-3-Clause
8c2fa3f24a09137f9bb3860fa21c677e,1,BSD-3-Clause
937941263c8d9a4dfcd5c306ce86c0a5,1,BSD-3-Clause
4ef26913f8acae0724b140aea05cc30c,1,BSD-3-Clause
2e375b131324c86c5e7c16402679861b,1,BSD-3-Clause
2f3ddf4a4e1e4d229b90e0cbb8baa74c,1,BSD-3-Clause
d352eead02f816a8139c2884d6c32b5e,1,BSD-3-Clause
c614fe94a4b91deaa927cc11e6e5c71c,1,BSD-3-Clause
c5f79fac1f1de0f5da69d495b6a2be81,1,BSD-3-Clause
8c2fa3f24a09137f9bb3860fa21c677e,1,BSD-3-Clause
937941263c8d9a4dfcd5c306ce86c0a5,1,BSD-3-Clause
4ef26913f8acae0724b140aea05cc30c,1,BSD-3-Clause
2e375b131324c86c5e7c16402679861b,1,BSD-3-Clause
2f3ddf4a4e1e4d229b90e0cbb8baa74c,1,BSD-3-Clause
d352eead02f816a8139c2884d6c32b5e,1,BSD-3-Clause
c614fe94a4b91deaa927cc11e6e5c71c,1,BSD-3-Clause
c5f79fac1f1de0f5da69d495b6a2be81,1,BSD-3-Clause
8c2fa3f24a09137f9bb3860fa21c677e,1,BSD-3-Clause
937941263c8d9a4dfcd5c306ce86c0a5,1,BSD-3-Clause
4ef26913f8acae0724b140aea05cc30c,1,BSD-3-Clause
2e375b131324c86c5e7c16402679861b,1,BSD-3-Clause
2f3ddf4a4e1e4d229b90e0cbb8baa74c,1,BSD-3-Clause
d352eead02f816a8139c2884d6c32b5e,1,BSD-3-Clause
c614fe94a4b91deaa927cc11e6e5c71c,1,BSD-3-Clause
c5f79fac1f1de0f5da69d495b6a2be81,1,BSD-3-Clause
8c2fa3f24a09137f9bb3860fa21c677e,1,BSD-3-Clause
937941263c8d9a4dfcd5c306ce86c0a5,1,BSD-3-Clause
4ef26913f8acae0724b140aea05cc30c,1,BSD-3-Clause
2e375b131324c86c5e7c16402679861b,1,BSD-3-Clause
2f3ddf4a4e1e4d229b90e0cbb8baa74c,1,BSD-3-Clause
d352eead02f816a8139c2884d6c32b5e,1,BSD-3-Clause
c614fe94a4b91deaa927cc11e6e5c71c,1,BSD-3-Clause
c5f79fac1f1de0f5da69d495b6a2be81,1,BSD-3-Clause
8c2fa3f24a09137f9bb3860fa21c677e,1,BSD-3-Clause
937941263c8d9a4dfcd5c306ce86c0a5,1,BSD-3-Clause
4ef26913f8acae0724b140aea05cc30c,1,BSD-3-Clause
2e375b131324c86c5e7c16402679861b,1,BSD-3-Clause
2f3ddf4a4e1e4d229b90e0cbb8baa74c,1,BSD-3-Clause
d352eead02f816a8139c2884d6c32b5e,1,BSD-3-Clause
c614fe94a4b91deaa927cc11e6e5c71c,1,BSD-3-Clause
c5f79fac1f1de0f5da69d495b6a2be81,1,BSD-3-Clause
8c2fa3f24a09137f9bb3860fa21c677e,1,BSD-3-Clause
937941263c8d9a4dfcd5c306ce86c0a5,1,BSD-3-Clause
4ef26913f8acae0724b140aea05cc30c,1,BSD-3-Clause
2e375b131324c86c5e7c16402679861b,1,BSD-3-Clause
2f3ddf4a4e1e4d229b90e0cbb8baa74c,1,BSD-3-Clause
d352eead02f816a8139c2884d6c32b5e,1,BSD-3-Clause
c614fe94a4b91deaa927cc11e6e5c71c,1,BSD-3-Clause
c5f79fac1f1de0f5da69d495b6a2be81,1,BSD-3-Clause
8c2fa3f24a09137f9bb3860fa21c677e,1,BSD-3-Clause
937941263c8d9a4dfcd5c306ce86c0a5,1,BSD-3-Clause
4ef26913f8acae0724b140aea05cc30c,1,BSD-3-Clause
2e375b131324c86c5e7c16402679861b,1,BSD-3-Clause
2f3ddf4a4e1e4d229b90e0cbb8baa74c,1,BSD-3-Clause
d352eead02f816a8139c2884d6c32b5e,1,BSD-3-Clause
c614fe94a4b91deaa927cc11e6e5c71c,1,BSD-3-Clause
c5f79fac1f1de0f5da69d495b6a2be81,1,BSD-3-Clause
8c2fa3f24a09137f9bb3860fa21c677e,1,BSD-3-Clause
937941263c8d9a4dfcd5c306ce86c0a5,1,BSD-3-Clause
4ef26913f8acae0724b140aea05cc30c,1,BSD-3-Clause
2e375b131324c86c5e7c16402679861b,1,BSD-3-Clause
2f3ddf4a4e1e4d229b90e0cbb8baa74c,1,BSD-3-Clause
d352eead02f816a8139c2884d6c32b5e,1,BSD-3-Clause
c614fe94a4b91deaa927cc11e6e5c71c,1,BSD-3-Clause
c5f79fac1f1de0f5da69d495b6a2be81,1,BSD-3-Clause
8c2fa3f24a09137f9bb3860fa21c677e,1,BSD-3-Clause
937941263c8d9a4dfcd5c306ce86c0a5,1,BSD-3-Clause
4ef26913f8acae0724b140aea05cc30c,1,BSD-3-Clause
2e375b131324c86c5e7c16402679861b,1,BSD-3-Clause
2f3ddf4a4e1e4d229b90e0cbb8baa74c,1,BSD-3-Clause
d352eead02f816a8139c2884d6c32b5e,1,BSD-3-Clause
c614fe94a4b91deaa927cc11e6e5c71c,1,BSD-3-Clause
c5f79fac1f1de0f5da69d495b6a2be81,1,BSD-3-Clause
8c2fa3f24a09137f9bb3860fa21c677e,1,BSD-3-Clause
937941263c8d9a4dfcd5c306ce86c0a5,1,BSD-3-Clause
4ef26913f8acae0724b140aea05cc30c,1,BSD-3-Clause
2e375b131324c86c5e7c16402679861b,1,BSD-3-Clause
2f3ddf4a4e1e4d229b90e0cbb8baa74c,1,BSD-3-Clause
d352eead02f816a8139c2884d6c32b5e,1,BSD-3-Clause
c614fe94a4b91deaa927cc11e6e5c71c,1,BSD-3-Clause
c5f79fac1f1de0f5da69d495b6a2be81,1,BSD-3-Clause
8c2fa3f24a09137f9bb3860fa21c677e,1,BSD-3-Clause
937941263c8d9a4dfcd5c306ce86c0a5,1,BSD-3-Clause
4ef26913f8acae0724b140aea05cc30c,1,BSD-3-Clause
2e375b131324c86c5e7c16402679861b,1,BSD-3-Clause
2f3ddf4a4e1e4d229b90e0cbb8baa74c,1,BSD-3-Clause
d352eead02f816a8139c2884d6c32b5e,1,BSD-3-Clause
c614fe94a4b91deaa927cc11e6e5c71c,1,BSD-3-Clause
c5f79fac1f1de0f5da69d495b6a2be81,1,BSD-3-Clause
8c2fa3f24a09137f9bb3860fa21c677e,1,BSD-3-Clause
937941263c8d9a4dfcd5c306ce86c0a5,1,BSD-3-Clause
4ef26913f8acae0724b140aea05cc30c,1,BSD-3-Clause
2e375b131324c86c5e7c16402679861b,1,BSD-3-Clause
2f3ddf4a4e1e4d229b90e0cbb8baa74c,1,BSD-3-Clause
2f3ddf4a4e1e4d229b90e0cbb8baa74c,1,BSD-3-Clause
2f3ddf4a4e1e4d229b90e0cbb8baa74c,1,BSD-3-Clause
d352eead02f816a8139c2884d6c32b5e,1,BSD-3-Clause
c614fe94a4b91deaa927cc11e6e5c71c,1,BSD-3-Clause
c5f79fac1f1de0f5da69d495b6a2be81,1,BSD-3-Clause
8c2fa3f24a09137f9bb3860fa21c677e,1,BSD-3-Clause
937941263c8d9a4dfcd5c306ce86c0a5,1,BSD-3-Clause
4ef26913f8acae0724b140aea05cc30c,1,BSD-3-Clause
2e375b131324c86c5e7c16402679861b,1,BSD-3-Clause
2f3ddf4a4e1e4d229b90e0cbb8baa74c,1,BSD-3-Clause
d352eead02f816a8139c2884d6c32b5e,1,BSD-3-Clause
c614fe94a4b91deaa927cc11e6e5c71c,1,BSD-3-Clause
c5f79fac1f1de0f5da69d495b6a2be81,1,BSD-3-Clause
8c2fa3f24a09137f9bb3860fa21c677e,1,BSD-3-Clause
937941263c8d9a4dfcd5c306ce86c0a5,1,BSD-3-Clause
4ef26913f8acae0724b140aea05cc30c,1,BSD-3-Clause
2e375b131324c86c5e7c16402679861b,1,BSD-3-Clause
2f3ddf4a4e1e4d229b90e0cbb8baa74c,1,BSD-3-Clause
d352eead02f816a8139c2884d6c32b5e,1,BSD-3-Clause
c614fe94a4b91deaa927cc11e6e5c71c,1,BSD-3-Clause
c5f79fac1f1de0f5da69d495b6a2be81,1,BSD-3-Clause
8c2fa3f24a09137f9bb3860fa21c677e,1,BSD-3-Clause
937941263c8d9a4dfcd5c306ce86c0a5,1,BSD-3-Clause
4ef26913f8acae0724b140aea05cc30c,1,BSD-3-Clause
2e375b131324c86c5e7c16402679861b,1,BSD-3-Clause
2f3ddf4a4e1e4d229b90e0cbb8baa74c,1,BSD-3-Clause
2f3ddf4a4e1e4d229b90e0cbb8baa74c,1,BSD-3-Clause
d352eead02f816a8139c2884d6c32b5e,1,BSD-3-Clause
c614fe94a4b91deaa927cc11e6e5c71c,1,BSD-3-Clause
c5f79fac1f1de0f5da69d495b6a2be81,1,BSD-3-Clause
8c2fa3f24a09137f9bb3860fa21c677e,1,BSD-3-Clause
937941263c8d9a4dfcd5c306ce86c0a5,1,BSD-3-Clause
4ef26913f8acae0724b140aea05cc30c,1,BSD-3-Clause
2e375b131324c86c5e7c16402679861b,1,BSD-3-Clause
2f3ddf4a4e1e4d229b90e0cbb8baa74c,1,BSD-3-Clause
d352eead02f816a8139c2884d6c32b5e,1,BSD-3-Clause
c614fe94a4b91deaa927cc11e6e5c71c,1,BSD-3-Clause
c5f79fac1f1de0f5da69d495b6a2be81,1,BSD-3-Clause
8c2fa3f24a09137f9bb3860fa21c677e,1,BSD-3-Clause
937941263c8d9a4dfcd5c306ce86c0a5,1,BSD-3-Clause
4ef26913f8acae0724b140aea05cc30c,1,BSD-3-Clause
2e375b131324c86c5e7c16402679861b,1,BSD-3-Clause
2f3ddf4a4e1e4d229b90e0cbb8baa74c,1,BSD-3-Clause
d352eead02f816a8139c2884d6c32b5e,1,BSD-3-Clause
c614fe94a4b91deaa927cc11e6e5c71c,1,BSD-3-Clause
c5f79fac1f1de0f5da69d495b6a2be81,1,BSD-3-Clause
8c2fa3f24a09137f9bb3860fa21c677e,1,BSD-3-Clause
937941263c8d9a4dfcd5c306ce86c0a5,1,BSD-3-Clause
4ef26913f8acae0724b140aea05cc30c,1,BSD-3-Clause
2e375b131324c86c5e7c16402679861b,1,BSD-3-Clause
2f3ddf4a4e1e4d229b90e0cbb8baa74c,1,BSD-3-Clause
d352eead02f816a8139c2884d6c32b5e,1,BSD-3-Clause
c614fe94a4b91deaa927cc11e6e5c71c,1,BSD-3-Clause
c5f79fac1f1de0f5da69d495b6a2be81,1,BSD-3-Clause
8c2fa3f24a09137f9bb3860fa21c677e,1,BSD-3-Clause
937941263c8d9a4dfcd5c306ce86c0a5,1,BSD-3-Clause
4ef26913f8acae0724b140aea05cc30c,1,BSD-3-Clause
2e375b131324c86c5e7c16402679861b,1,BSD-3-Clause
2f3ddf4a4e1e4d229b90e0cbb8baa74c,1,BSD-3-Clause
d352eead02f816a8139c2884d6c32b5e,1,BSD-3-Clause
c614fe94a4b91deaa927cc11e6e5c71c,1,BSD-3-Clause
c5f79fac1f1de0f5da69d495b6a2be81,1,BSD-3-Clause
8c2fa3f24a09137f9bb3860fa21c677e,1,BSD-3-Clause
937941263c8d9a4dfcd5c306ce86c0a5,1,BSD-3-Clause
4ef26913f8acae0724b140aea05cc30c,1,BSD-3-Clause
2e375b131324c86c5e7c16402679861b,1,BSD-3-Clause
2f3ddf4a4e1e4d229b90e0cbb8baa74c,1,BSD-3-Clause
d352eead02f816a8139c2884d6c32b5e,1,BSD-3-Clause
c614fe94a4b91deaa927cc11e6e5c71c,1,BSD-3-Clause
c5f79fac1f1de0f5da69d495b6a2be81,1,BSD-3-Clause
8c2fa3f24a09137f9bb3860fa21c677e,1,BSD-3-Clause
937941263c8d9a4dfcd5c306ce86c0a5,1,BSD-3-Clause
4ef26913f8acae0724b140aea05cc30c,1,BSD-3-Clause
2e375b131324c86c5e7c16402679861b,1,BSD-3-Clause
2f3ddf4a4e1e4d229b90e0cbb8baa74c,1,BSD-3-Clause
d352eead02f816a8139c2884d6c32b5e,1,BSD-3-Clause
c614fe94a4b91deaa927cc11e6e5c71c,1,BSD-3-Clause
c5f79fac1f1de0f5da69d495b6a2be81,1,BSD-3-Clause
8c2fa3f24a09137f9bb3860fa21c677e,1,BSD-3-Clause
937941263c8d9a4dfcd5c306ce86c0a5,1,BSD-3-Clause
4ef26913f8acae0724b140aea05cc30c,1,BSD-3-Clause
2e375b131324c86c5e7c16402679861b,1,BSD-3-Clause
2f3ddf4a4e1e4d229b90e0cbb8baa74c,1,BSD-3-Clause
d352eead02f816a8139c2884d6c32b5e,1,BSD-3-Clause
c614fe94a4b91deaa927cc11e6e5c71c,1,BSD-3-Clause
c5f79fac1f1de0f5da69d495b6a2be81,1,BSD-3-Clause
8c2fa3f24a09137f9bb3860fa21c677e,1,BSD-3-Clause
937941263c8d9a4dfcd5c306ce86c0a5,1,BSD-3-Clause
4ef26913f8acae0724b140aea05cc30c,1,BSD-3-Clause
2e375b131324c86c5e7c16402679861b,1,BSD-3-Clause
2f3ddf4a4e1e4d229b90e0cbb8baa74c,1,BSD-3-Clause
d352eead02f816a8139c2884d6c32b5e,1,BSD-3-Clause
c614fe94a4b91deaa927cc11e6e5c71c,1,BSD-3-Clause
c5f79fac1f1de0f5da69d495b6a2be81,1,BSD-3-Clause
8c2fa3f24a09137f9bb3860fa21c677e,1,BSD-3-Clause
937941263c8d9a4dfcd5c306ce86c0a5,1,BSD-3-Clause
4ef26913f8acae0724b140aea05cc30c,1,BSD-3-Clause
2e375b131324c86c5e7c16402679861b,1,BSD-3-Clause
2f3ddf4a4e1e4d229b90e0cbb8baa74c,1,BSD-3-Clause
d352eead02f816a8139c2884d6c32b5e,1,BSD-3-Clause
c614fe94a4b91deaa927cc11e6e5c71c,1,BSD-3-Clause
c5f79fac1f1de0f5da69d495b6a2be81,1,BSD-3-Clause
8c2fa3f24a09137f9bb3860fa21c677e,1,BSD-3-Clause
937941263c8d9a4dfcd5c306ce86c0a5,1,BSD-3-Clause
4ef26913f8acae0724b140aea05cc30c,1,BSD-3-Clause
2e375b131324c86c5e7c16402679861b,1,BSD-3-Clause
2f3ddf4a4e1e4d229b90e0cbb8baa74c,1,BSD-3-Clause
d352eead02f816a8139c2884d6c32b5e,1,BSD-3-Clause
c614fe94a4b91deaa927cc11e6e5c71c,1,BSD-3-Clause
c5f79fac1f1de0f5da69d495b6a2be81,1,BSD-3-Clause
8c2fa3f24a09137f9bb3860fa21c677e,1,BSD-3-Clause
937941263c8d9a4dfcd5c306ce86c0a5,1,BSD-3-Clause
4ef26913f8acae0724b140aea05cc30c,1,BSD-3-Clause
2e375b131324c86c5e7c16402679861b,1,BSD-3-Clause
2f3ddf4a4e1e4d229b90e0cbb8baa74c,1,BSD-3-Clause
d352eead02f816a8139c2884d6c32b5e,1,BSD-3-Clause
c614fe94a4b91deaa927cc11e6e5c71c,1,BSD-3-Clause
c5f79fac1f1de0f5da69d495b6a2be81,1,BSD-3-Clause
8c2fa3f24a09137f9bb3860fa21c677e,1,BSD-3-Clause
937941263c8d9a4dfcd5c306ce86c0a5,1,BSD-3-Clause
4ef26913f8acae0724b140aea05cc30c,1,BSD-3-Clause
2e375b131324c86c5e7c16402679861b,1,BSD-3-Clause
2f3ddf4a4e1e4d229b90e0cbb8baa74c,1,BSD-3-Clause
2f3ddf4a4e1e4d229b90e0cbb8baa74c,1,BSD-3-Clause
2f3ddf4a4e1e4d229b90e0cbb8baa74c,1,BSD-3-Clause
2f3ddf4a4e1e4d229b90e0cbb8baa74c,1,BSD-3-Clause
2f3ddf4a4e1e4d229b90e0cbb8baa74c,1,BSD-3-Clause
2f3ddf4a4e1e4d229b90e0cbb8baa74c,1,BSD-3-Clause
d352eead02f816a8139c2884d6c32b5e,1,BSD-3-Clause
c614fe94a4b91deaa927cc11e6e5c71c,1,BSD-3-Clause
c5f79fac1f1de0f5da69d495b6a2be81,1,BSD-3-Clause
8c2fa3f24a09137f9bb3860fa21c677e,1,BSD-3-Clause
937941263c8d9a4dfcd5c306ce86c0a5,1,BSD-3-Clause
4ef26913f8acae0724b140aea05cc30c,1,BSD-3-Clause
2e375b131324c86c5e7c16402679861b,1,BSD-3-Clause
2f3ddf4a4e1e4d229b90e0cbb8baa74c,1,BSD-3-Clause
d352eead02f816a8139c2884d6c32b5e,1,BSD-3-Clause
c614fe94a4b91deaa927cc11e6e5c71c,1,BSD-3-Clause
c5f79fac1f1de0f5da69d495b6a2be81,1,BSD-3-Clause
8c2fa3f24a09137f9bb3860fa21c677e,1,BSD-3-Clause
937941263c8d9a4dfcd5c306ce86c0a5,1,BSD-3-Clause
4ef26913f8acae0724b140aea05cc30c,1,BSD-3-Clause
2e375b131324c86c5e7c16402679861b,1,BSD-3-Clause
2f3ddf4a4e1e4d229b90e0cbb8baa74c,1,BSD-3-Clause
d352eead02f816a8139c2884d6c32b5e,1,BSD-3-Clause
c614fe94a4b91deaa927cc11e6e5c71c,1,BSD-3-Clause
c5f79fac1f1de0f5da69d495b6a2be81,1,BSD-3-Clause
8c2fa3f24a09137f9bb3860fa21c677e,1,BSD-3-Clause
937941263c8d9a4dfcd5c306ce86c0a5,1,BSD-3-Clause
4ef26913f8acae0724b140aea05cc30c,1,BSD-3-Clause
2e375b131324c86c5e7c16402679861b,1,BSD-3-Clause
2f3ddf4a4e1e4d229b90e0cbb8baa74c,1,BSD-3-Clause
2f3ddf4a4e1e4d229b90e0cbb8baa74c,1,BSD-3-Clause
d352eead02f816a8139c2884d6c32b5e,1,BSD-3-Clause
c614fe94a4b91deaa927cc11e6e5c71c,1,BSD-3-Clause
c5f79fac1f1de0f5da69d495b6a2be81,1,BSD-3-Clause
8c2fa3f24a09137f9bb3860fa21c677e,1,BSD-3-Clause
937941263c8d9a4dfcd5c306ce86c0a5,1,BSD-3-Clause
4ef26913f8acae0724b140aea05cc30c,1,BSD-3-Clause
2e375b131324c86c5e7c16402679861b,1,BSD-3-Clause
2f3ddf4a4e1e4d229b90e0cbb8baa74c,1,BSD-3-Clause
d352eead02f816a8139c2884d6c32b5e,1,BSD-3-Clause
c614fe94a4b91deaa927cc11e6e5c71c,1,BSD-3-Clause
c5f79fac1f1de0f5da69d495b6a2be81,1,BSD-3-Clause
8c2fa3f24a09137f9bb3860fa21c677e,1,BSD-3-Clause
937941263c8d9a4dfcd5c306ce86c0a5,1,BSD-3-Clause
4ef26913f8acae0724b140aea05cc30c,1,BSD-3-Clause
2e375b131324c86c5e7c16402679861b,1,BSD-3-Clause
2f3ddf4a4e1e4d229b90e0cbb8baa74c,1,BSD-3-Clause
d352eead02f816a8139c2884d6c32b5e,1,BSD-3-Clause
c614fe94a4b91deaa927cc11e6e5c71c,1,BSD-3-Clause
c5f79fac1f1de0f5da69d495b6a2be81,1,BSD-3-Clause
8c2fa3f24a09137f9bb3860fa21c677e,1,BSD-3-Clause
937941263c8d9a4dfcd5c306ce86c0a5,1,BSD-3-Clause
4ef26913f8acae0724b140aea05cc30c,1,BSD-3-Clause
2e375b131324c86c5e7c16402679861b,1,BSD-3-Clause
2f3ddf4a4e1e4d229b90e0cbb8baa74c,1,BSD-3-Clause
2f3ddf4a4e1e4d229b90e0cbb8baa74c,1,BSD-3-Clause
d352eead02f816a8139c2884d6c32b5e,1,BSD-3-Clause
c614fe94a4b91deaa927cc11e6e5c71c,1,BSD-3-Clause
c5f79fac1f1de0f5da69d495b6a2be81,1,BSD-3-Clause
8c2fa3f24a09137f9bb3860fa21c677e,1,BSD-3-Clause
937941263c8d9a4dfcd5c306ce86c0a5,1,BSD-3-Clause
4ef26913f8acae0724b140aea05cc30c,1,BSD-3-Clause
2e375b131324c86c5e7c16402679861b,1,BSD-3-Clause
2f3ddf4a4e1e4d229b90e0cbb8baa74c,1,BSD-3-Clause
d352eead02f816a8139c2884d6c32b5e,1,BSD-3-Clause
c614fe94a4b91deaa927cc11e6e5c71c,1,BSD-3-Clause
c5f79fac1f1de0f5da69d495b6a2be81,1,BSD-3-Clause
8c2fa3f24a09137f9bb3860fa21c677e,1,BSD-3-Clause
937941263c8d9a4dfcd5c306ce86c0a5,1,BSD-3-Clause
4ef26913f8acae0724b140aea05cc30c,1,BSD-3-Clause
2e375b131324c86c5e7c16402679861b,1,BSD-3-Clause
2f3ddf4a4e1e4d229b90e0cbb8baa74c,1,BSD-3-Clause
d352eead02f816a8139c2884d6c32b5e,1,BSD-3-Clause
c614fe94a4b91deaa927cc11e6e5c71c,1,BSD-3-Clause
c5f79fac1f1de0f5da69d495b6a2be81,1,BSD-3-Clause
8c2fa3f24a09137f9bb3860fa21c677e,1,BSD-3-Clause
937941263c8d9a4dfcd5c306ce86c0a5,1,BSD-3-Clause
4ef26913f8acae0724b140aea05cc30c,1,BSD-3-Clause
2e375b131324c86c5e7c16402679861b,1,BSD-3-Clause
2f3ddf4a4e1e4d229b90e0cbb8baa74c,1,BSD-3-Clause
d352eead02f816a8139c2884d6c32b5e,1,BSD-3-Clause
c614fe94a4b91deaa927cc11e6e5c71c,1,BSD-3-Clause
c5f79fac1f1de0f5da69d495b6a2be81,1,BSD-3-Clause
8c2fa3f24a09137f9bb3860fa21c677e,1,BSD-3-Clause
937941263c8d9a4dfcd5c306ce86c0a5,1,BSD-3-Clause
4ef26913f8acae0724b140aea05cc30c,1,BSD-3-Clause
2e375b131324c86c5e7c16402679861b,1,BSD-3-Clause
2f3ddf4a4e1e4d229b90e0cbb8baa74c,1,BSD-3-Clause
2f3ddf4a4e1e4d229b90e0cbb8baa74c,1,BSD-3-Clause
d352eead02f816a8139c2884d6c32b5e,1,BSD-3-Clause
c614fe94a4b91deaa927cc11e6e5c71c,1,BSD-3-Clause
c5f79fac1f1de0f5da69d495b6a2be81,1,BSD-3-Clause
8c2fa3f24a09137f9bb3860fa21c677e,1,BSD-3-Clause
937941263c8d9a4dfcd5c306ce86c0a5,1,BSD-3-Clause
4ef26913f8acae0724b140aea05cc30c,1,BSD-3-Clause
2e375b131324c86c5e7c16402679861b,1,BSD-3-Clause
2f3ddf4a4e1e4d229b90e0cbb8baa74c,1,BSD-3-Clause
d352eead02f816a8139c2884d6c32b5e,1,BSD-3-Clause
c614fe94a4b91deaa927cc11e6e5c71c,1,BSD-3-Clause
c5f79fac1f1de0f5da69d495b6a2be81,1,BSD-3-Clause
8c2fa3f24a09137f9bb3860fa21c677e,1,BSD-3-Clause
937941263c8d9a4dfcd5c306ce86c0a5,1,BSD-3-Clause
4ef26913f8acae0724b140aea05cc30c,1,BSD-3-Clause
2e375b131324c86c5e7c16402679861b,1,BSD-3-Clause
2f3ddf4a4e1e4d229b90e0cbb8baa74c,1,BSD-3-Clause
d352eead02f816a8139c2884d6c32b5e,1,BSD-3-Clause
c614fe94a4b91deaa927cc11e6e5c71c,1,BSD-3-Clause
c5f79fac1f1de0f5da69d495b6a2be81,1,BSD-3-Clause
8c2fa3f24a09137f9bb3860fa21c677e,1,BSD-3-Clause
937941263c8d9a4dfcd5c306ce86c0a5,1,BSD-3-Clause
4ef26913f8acae0724b140aea05cc30c,1,BSD-3-Clause
2e375b131324c86c5e7c16402679861b,1,BSD-3-Clause
2f3ddf4a4e1e4d229b90e0cbb8baa74c,1,BSD-3-Clause
d352eead02f816a8139c2884d6c32b5e,1,BSD-3-Clause
c614fe94a4b91deaa927cc11e6e5c71c,1,BSD-3-Clause
c5f79fac1f1de0f5da69d495b6a2be81,1,BSD-3-Clause
8c2fa3f24a09137f9bb3860fa21c677e,1,BSD-3-Clause
937941263c8d9a4dfcd5c306ce86c0a5,1,BSD-3-Clause
4ef26913f8acae0724b140aea05cc30c,1,BSD-3-Clause
2e375b131324c86c5e7c16402679861b,1,BSD-3-Clause
2f3ddf4a4e1e4d229b90e0cbb8baa74c,1,BSD-3-Clause
d352eead02f816a8139c2884d6c32b5e,1,BSD-3-Clause
c614fe94a4b91deaa927cc11e6e5c71c,1,BSD-3-Clause
c5f79fac1f1de0f5da69d495b6a2be81,1,BSD-3-Clause
8c2fa3f24a09137f9bb3860fa21c677e,1,BSD-3-Clause
937941263c8d9a4dfcd5c306ce86c0a5,1,BSD-3-Clause
4ef26913f8acae0724b140aea05cc30c,1,BSD-3-Clause
2e375b131324c86c5e7c16402679861b,1,BSD-3-Clause
2f3ddf4a4e1e4d229b90e0cbb8baa74c,1,BSD-3-Clause
d352eead02f816a8139c2884d6c32b5e,1,BSD-3-Clause
c614fe94a4b91deaa927cc11e6e5c71c,1,BSD-3-Clause
c5f79fac1f1de0f5da69d495b6a2be81,1,BSD-3-Clause
8c2fa3f24a09137f9bb3860fa21c677e,1,BSD-3-Clause
937941263c8d9a4dfcd5c306ce86c0a5,1,BSD-3-Clause
4ef26913f8acae0724b140aea05cc30c,1,BSD-3-Clause
2e375b131324c86c5e7c16402679861b,1,BSD-3-Clause
2f3ddf4a4e1e4d229b90e0cbb8baa74c,1,BSD-3-Clause
d352eead02f816a8139c2884d6c32b5e,1,BSD-3-Clause
c614fe94a4b91deaa927cc11e6e5c71c,1,BSD-3-Clause
c5f79fac1f1de0f5da69d495b6a2be81,1,BSD-3-Clause
8c2fa3f24a09137f9bb3860fa21c677e,1,BSD-3-Clause
937941263c8d9a4dfcd5c306ce86c0a5,1,BSD-3-Clause
4ef26913f8acae0724b140aea05cc30c,1,BSD-3-Clause
2e375b131324c86c5e7c16402679861b,1,BSD-3-Clause
2f3ddf4a4e1e4d229b90e0cbb8baa74c,1,BSD-3-Clause
d352eead02f816a8139c2884d6c32b5e,1,BSD-3-Clause
c614fe94a4b91deaa927cc11e6e5c71c,1,BSD-3-Clause
c5f79fac1f1de0f5da69d495b6a2be81,1,BSD-3-Clause
8c2fa3f24a09137f9bb3860fa21c677e,1,BSD-3-Clause
937941263c8d9a4dfcd5c306ce86c0a5,1,BSD-3-Clause
4ef26913f8acae0724b140aea05cc30c,1,BSD-3-Clause
2e375b131324c86c5e7c16402679861b,1,BSD-3-Clause
2f3ddf4a4e1e4d229b90e0cbb8baa74c,1,BSD-3-Clause
d352eead02f816a8139c2884d6c32b5e,1,BSD-3-Clause
c614fe94a4b91deaa927cc11e6e5c71c,1,BSD-3-Clause
c5f79fac1f1de0f5da69d495b6a2be81,1,BSD-3-Clause
8c2fa3f24a09137f9bb3860fa21c677e,1,BSD-3-Clause
937941263c8d9a4dfcd5c306ce86c0a5,1,BSD-3-Clause
4ef26913f8acae0724b140aea05cc30c,1,BSD-3-Clause
2e375b131324c86c5e7c16402679861b,1,BSD-3-Clause
2f3ddf4a4e1e4d229b90e0cbb8baa74c,1,BSD-3-Clause
d352eead02f816a8139c2884d6c32b5e,1,BSD-3-Clause
c614fe94a4b91deaa927cc11e6e5c71c,1,BSD-3-Clause
c5f79fac1f1de0f5da69d495b6a2be81,1,BSD-3-Clause
8c2fa3f24a09137f9bb3860fa21c677e,1,BSD-3-Clause
937941263c8d9a4dfcd5c306ce86c0a5,1,BSD-3-Clause
4ef26913f8acae0724b140aea05cc30c,1,BSD-3-Clause
2e375b131324c86c5e7c16402679861b,1,BSD-3-Clause
2f3ddf4a4e1e4d229b90e0cbb8baa74c,1,BSD-3-Clause
d352eead02f816a8139c2884d6c32b5e,1,BSD-3-Clause
c614fe94a4b91deaa927cc11e6e5c71c,1,BSD-3-Clause
c5f79fac1f1de0f5da69d495b6a2be81,1,BSD-3-Clause
8c2fa3f24a09137f9bb3860fa21c677e,1,BSD-3-Clause
937941263c8d9a4dfcd5c306ce86c0a5,1,BSD-3-Clause
4ef26913f8acae0724b140aea05cc30c,1,BSD-3-Clause
2e375b131324c86c5e7c16402679861b,1,BSD-3-Clause
2f3ddf4a4e1e4d229b90e0cbb8baa74c,1,BSD-3-Clause
d352eead02f816a8139c2884d6c32b5e,1,BSD-3-Clause
c614fe94a4b91deaa927cc11e6e5c71c,1,BSD-3-Clause
c5f79fac1f1de0f5da69d495b6a2be81,1,BSD-3-Clause
8c2fa3f24a09137f9bb3860fa21c677e,1,BSD-3-Clause
937941263c8d9a4dfcd5c306ce86c0a5,1,BSD-3-Clause
4ef26913f8acae0724b140aea05cc30c,1,BSD-3-Clause
2e375b131324c86c5e7c16402679861b,1,BSD-3-Clause
2f3ddf4a4e1e4d229b90e0cbb8baa74c,1,BSD-3-Clause
d352eead02f816a8139c2884d6c32b5e,1,BSD-3-Clause
c614fe94a4b91deaa927cc11e6e5c71c,1,BSD-3-Clause
c5f79fac1f1de0f5da69d495b6a2be81,1,BSD-3-Clause
8c2fa3f24a09137f9bb3860fa21c677e,1,BSD-3-Clause
937941263c8d9a4dfcd5c306ce86c0a5,1,BSD-3-Clause
4ef26913f8acae0724b140aea05cc30c,1,BSD-3-Clause
2e375b131324c86c5e7c16402679861b,1,BSD-3-Clause
2f3ddf4a4e1e4d229b90e0cbb8baa74c,1,BSD-3-Clause
d352eead02f816a8139c2884d6c32b5e,1,BSD-3-Clause
c614fe94a4b91deaa927cc11e6e5c71c,1,BSD-3-Clause
c5f79fac1f1de0f5da69d495b6a2be81,1,BSD-3-Clause
8c2fa3f24a09137f9bb3860fa21c677e,1,BSD-3-Clause
937941263c8d9a4dfcd5c306ce86c0a5,1,BSD-3-Clause
4ef26913f8acae0724b140aea05cc30c,1,BSD-3-Clause
2e375b131324c86c5e7c16402679861b,1,BSD-3-Clause
2f3ddf4a4e1e4d229b90e0cbb8baa74c,1,BSD-3-Clause
d352eead02f816a8139c2884d6c32b5e,1,BSD-3-Clause
c614fe94a4b91deaa927cc11e6e5c71c,1,BSD-3-Clause
c5f79fac1f1de0f5da69d495b6a2be81,1,BSD-3-Clause
8c2fa3f24a09137f9bb3860fa21c677e,1,BSD-3-Clause
937941263c8d9a4dfcd5c306ce86c0a5,1,BSD-3-Clause
4ef26913f8acae0724b140aea05cc30c,1,BSD-3-Clause
2e375b131324c86c5e7c16402679861b,1,BSD-3-Clause
2f3ddf4a4e1e4d229b90e0cbb8baa74c,1,BSD-3-Clause
d352eead02f816a8139c2884d6c32b5e,1,BSD-3-Clause
c614fe94a4b91deaa927cc11e6e5c71c,1,BSD-3-Clause
c5f79fac1f1de0f5da69d495b6a2be81,1,BSD-3-Clause
8c2fa3f24a09137f9bb3860fa21c677e,1,BSD-3-Clause
937941263c8d9a4dfcd5c306ce86c0a5,1,BSD-3-Clause
4ef26913f8acae0724b140aea05cc30c,1,BSD-3-Clause
2e375b131324c86c5e7c16402679861b,1,BSD-3-Clause
2f3ddf4a4e1e4d229b90e0cbb8baa74c,1,BSD-3-Clause
d352eead02f816a8139c2884d6c32b5e,1,BSD-3-Clause
c614fe94a4b91deaa927cc11e6e5c71c,1,BSD-3-Clause
c5f79fac1f1de0f5da69d495b6a2be81,1,BSD-3-Clause
8c2fa3f24a09137f9bb3860fa21c677e,1,BSD-3-Clause
937941263c8d9a4dfcd5c306ce86c0a5,1,BSD-3-Clause
4ef26913f8acae0724b140aea05cc30c,1,BSD-3-Clause
2e375b131324c86c5e7c16402679861b,1,BSD-3-Clause
2f3ddf4a4e1e4d229b90e0cbb8baa74c,1,BSD-3-Clause
d352eead02f816a8139c2884d6c32b5e,1,BSD-3-Clause
c614fe94a4b91deaa927cc11e6e5c71c,1,BSD-3-Clause
c5f79fac1f1de0f5da69d495b6a2be81,1,BSD-3-Clause
8c2fa3f24a09137f9bb3860fa21c677e,1,BSD-3-Clause
937941263c8d9a4dfcd5c306ce86c0a5,1,BSD-3-Clause
4ef26913f8acae0724b140aea05cc30c,1,BSD-3-Clause
2e375b131324c86c5e7c16402679861b,1,BSD-3-Clause
